{
  "settings": {
    "RELATION_SIZE": 100000,
    "B": 4,
    "C": 6,
    "NUMBER_OF_REDUCERS": 24
  },
  "results": {
    "ternary": {
      "rows": 9900000,
      "time": 8.645917892456055,
      "total_tasks": 96,
      "shuffle_volume_bytes": 14377844
    },
    "binary": {
      "rows": 9900000,
      "time": 9.884833812713623,
      "total_tasks": 120,
      "shuffle_volume_bytes": 126096688
    },
    "sql": {
      "rows": 9900000,
      "time": 0.42281317710876465,
      "total_tasks": 49,
      "shuffle_volume_bytes": 2694
    }
  }
}