{
  "settings": {
    "DATASET": "bikewale",
    "DATASET_SIZE": 9003,
    "REDUCER_SIZE": 1000,
    "P_PRIME": 3
  },
  "results": {
    "naive": {
      "pairs_found": 40522503,
      "time": 20.854117393493652,
      "total_tasks": 1,
      "shuffle_volume_bytes": 0
    },
    "group": {
      "pairs_found": 40522503,
      "time": 224.58952736854553,
      "total_tasks": 201,
      "shuffle_volume_bytes": 2479994438
    },
    "sql": {
      "pairs_found": 40522503,
      "time": 0.41751980781555176,
      "total_tasks": 3,
      "shuffle_volume_bytes": 118
    },
    "afrati": {
      "pairs_found": 40522503,
      "time": 472.576274394989,
      "total_tasks": 201,
      "shuffle_volume_bytes": 2667715828
    }
  }
}