{
  "settings": {
    "DATASET": "bikewale",
    "DATASET_SIZE": 9003,
    "REDUCER_SIZE": 200,
    "P_PRIME": 3
  },
  "results": {
    "naive": {
      "pairs_found": 636262,
      "time": 27.820637226104736
    },
    "group": {
      "pairs_found": 636262,
      "time": 18.53884530067444
    },
    "sql": {
      "pairs_found": 636262,
      "time": 0.44112420082092285
    },
    "afrati": {
      "pairs_found": 636262,
      "time": 13.402230262756348
    }
  }
}